,Country,Region_x,Happiness Rank_x,Happiness Score_x,Standard Error,Economy (GDP per Capita)_x,Family_x,Health (Life Expectancy)_x,Freedom_x,Trust (Government Corruption)_x,Generosity_x,Dystopia Residual_x,Region_y,Happiness Rank_y,Happiness Score_y,Lower Confidence Interval,Upper Confidence Interval,Economy (GDP per Capita)_y,Family_y,Health (Life Expectancy)_y,Freedom_y,Trust (Government Corruption)_y,Generosity_y,Dystopia Residual_y,_merge
0,Switzerland,Western Europe,1.0,7.587000000000001,0.03411,1.3965100000000001,1.34951,0.9414299999999999,0.66557,0.41978000000000004,0.29678000000000004,2.5173799999999997,Western Europe,2.0,7.5089999999999995,7.428,7.59,1.5273299999999999,1.14524,0.86303,0.58557,0.41203,0.28083,2.69463,both
1,Iceland,Western Europe,2.0,7.561,0.048839999999999995,1.3023200000000001,1.4022299999999999,0.94784,0.6287699999999999,0.14145,0.4363,2.70201,Western Europe,3.0,7.501,7.332999999999999,7.669,1.42666,1.18326,0.8673299999999999,0.56624,0.14975,0.47678000000000004,2.83137,both
2,Denmark,Western Europe,3.0,7.527,0.033280000000000004,1.32548,1.36058,0.87464,0.6493800000000001,0.48357,0.34139,2.4920400000000003,Western Europe,1.0,7.526,7.46,7.5920000000000005,1.4417799999999998,1.16374,0.79504,0.5794100000000001,0.44453000000000004,0.36171,2.73939,both
3,Norway,Western Europe,4.0,7.522,0.0388,1.459,1.33095,0.88521,0.66973,0.36503,0.34699,2.4653099999999997,Western Europe,4.0,7.497999999999999,7.421,7.575,1.57744,1.1269,0.79579,0.59609,0.35775999999999997,0.37895,2.66465,both
4,Canada,North America,5.0,7.4270000000000005,0.03553,1.32629,1.32261,0.9056299999999999,0.63297,0.32957,0.45811,2.4517599999999997,North America,6.0,7.404,7.335,7.473,1.44015,1.0961,0.8276,0.5737,0.31329,0.44833999999999996,2.70485,both
5,Finland,Western Europe,6.0,7.406000000000001,0.0314,1.29025,1.31826,0.8891100000000001,0.64169,0.41372,0.23351,2.61955,Western Europe,5.0,7.412999999999999,7.351,7.475,1.40598,1.1346399999999999,0.81091,0.57104,0.41003999999999996,0.25492,2.82596,both
6,Netherlands,Western Europe,7.0,7.377999999999999,0.027989999999999998,1.32944,1.28017,0.89284,0.6157600000000001,0.31814000000000003,0.4761,2.4657,Western Europe,7.0,7.3389999999999995,7.284,7.394,1.46468,1.02912,0.8123100000000001,0.55211,0.29927,0.47416,2.70749,both
7,Sweden,Western Europe,8.0,7.364,0.03157,1.33171,1.2890700000000002,0.9108700000000001,0.6598,0.43843999999999994,0.36262,2.3711900000000004,Western Europe,10.0,7.291,7.227,7.355,1.45181,1.08764,0.83121,0.58218,0.40867,0.38254,2.54734,both
8,New Zealand,Australia and New Zealand,9.0,7.2860000000000005,0.033710000000000004,1.2501799999999998,1.3196700000000001,0.9083700000000001,0.6393800000000001,0.42922,0.47501000000000004,2.26425,Australia and New Zealand,8.0,7.334,7.263999999999999,7.404,1.36066,1.17278,0.83096,0.5814699999999999,0.41903999999999997,0.49401000000000006,2.47553,both
9,Australia,Australia and New Zealand,10.0,7.284,0.04083,1.33358,1.30923,0.93156,0.6512399999999999,0.35636999999999996,0.43562,2.26646,Australia and New Zealand,9.0,7.313,7.2410000000000005,7.385,1.4444299999999999,1.10476,0.8512,0.5683699999999999,0.32331,0.47407,2.5465,both
10,Israel,Middle East and Northern Africa,11.0,7.278,0.0347,1.2285700000000002,1.22393,0.9138700000000001,0.41318999999999995,0.07785,0.33171999999999996,3.08854,Middle East and Northern Africa,11.0,7.267,7.199,7.335,1.33766,0.9953700000000001,0.8491700000000001,0.36432,0.08728,0.32288,3.31029,both
11,Costa Rica,Latin America and Caribbean,12.0,7.226,0.044539999999999996,0.95578,1.2378799999999999,0.8602700000000001,0.63376,0.10583,0.25497,3.17728,Latin America and Caribbean,14.0,7.087000000000001,6.999,7.175,1.06879,1.02152,0.76146,0.55225,0.10547000000000001,0.22553,3.3516800000000004,both
12,Austria,Western Europe,13.0,7.2,0.03751,1.33723,1.29704,0.8904200000000001,0.62433,0.18675999999999998,0.33088,2.5332,Western Europe,12.0,7.119,7.045,7.193,1.45038,1.0838299999999998,0.80565,0.54355,0.21348000000000003,0.32865,2.6934299999999998,both
13,Mexico,Latin America and Caribbean,14.0,7.187,0.041760000000000005,1.02054,0.91451,0.8144399999999999,0.48181,0.21311999999999998,0.14074,3.6021400000000003,Latin America and Caribbean,21.0,6.778,6.68,6.876,1.1150799999999998,0.7146,0.71143,0.37709000000000004,0.18355,0.11735,3.5590599999999997,both
14,United States,North America,15.0,7.119,0.03839,1.3945100000000001,1.24711,0.86179,0.54604,0.1589,0.40105,2.51011,North America,13.0,7.104,7.02,7.188,1.50796,1.04782,0.779,0.48163,0.14868,0.41076999999999997,2.72782,both
15,Brazil,Latin America and Caribbean,16.0,6.983,0.040760000000000005,0.98124,1.2328700000000001,0.69702,0.49049,0.17521,0.14574,3.26001,Latin America and Caribbean,17.0,6.952000000000001,6.875,7.029,1.08754,1.03938,0.61415,0.40425,0.14165999999999998,0.15775999999999998,3.5073300000000005,both
16,Luxembourg,Western Europe,17.0,6.946000000000001,0.03499,1.5639100000000001,1.21963,0.91894,0.61583,0.37798000000000004,0.28034000000000003,1.9696099999999999,Western Europe,20.0,6.871,6.803999999999999,6.938,1.6975200000000001,1.03999,0.8454200000000001,0.5487,0.35329,0.27571,2.11055,both
17,Ireland,Western Europe,18.0,6.94,0.03676,1.33596,1.36948,0.89533,0.6177699999999999,0.28703,0.45901000000000003,1.9757,Western Europe,19.0,6.907,6.836,6.978,1.4834100000000001,1.16157,0.81455,0.54008,0.29754,0.44963000000000003,2.15988,both
18,Belgium,Western Europe,19.0,6.937,0.03595,1.30782,1.28566,0.8966700000000001,0.5845,0.2254,0.2225,2.4148400000000003,Western Europe,18.0,6.928999999999999,6.861000000000001,6.997000000000001,1.42539,1.05249,0.8195899999999999,0.51354,0.26248,0.2424,2.61355,both
19,United Arab Emirates,Middle East and Northern Africa,20.0,6.901,0.03729,1.42727,1.12575,0.80925,0.64157,0.38583,0.26428,2.24743,Middle East and Northern Africa,28.0,6.5729999999999995,6.494,6.652,1.57352,0.8711399999999999,0.72993,0.56215,0.35561,0.26591,2.21507,both
20,United Kingdom,Western Europe,21.0,6.867000000000001,0.01866,1.26637,1.28548,0.90943,0.59625,0.32066999999999996,0.51912,1.9699400000000002,Western Europe,23.0,6.725,6.647,6.803,1.40283,1.0867200000000001,0.80991,0.50036,0.27399,0.50156,2.1499900000000003,both
21,Oman,Middle East and Northern Africa,22.0,6.853,0.05335,1.36011,1.08182,0.76276,0.63274,0.32524000000000003,0.21541999999999997,2.4748900000000003,,,,,,,,,,,,,left_only
22,Venezuela,Latin America and Caribbean,23.0,6.81,0.06476,1.04424,1.25596,0.7205199999999999,0.42908,0.11069000000000001,0.058410000000000004,3.1913099999999996,Latin America and Caribbean,44.0,6.084,5.973,6.195,1.1336700000000002,1.03302,0.6190399999999999,0.19847,0.08304,0.0425,2.9746799999999998,both
23,Singapore,Southeastern Asia,24.0,6.797999999999999,0.0378,1.52186,1.02,1.02525,0.54252,0.4921,0.31105,1.8850099999999999,Southeastern Asia,22.0,6.739,6.6739999999999995,6.803999999999999,1.64555,0.8675799999999999,0.94719,0.4877,0.46986999999999995,0.32706,1.99375,both
24,Panama,Latin America and Caribbean,25.0,6.7860000000000005,0.0491,1.0635299999999999,1.1985,0.79661,0.5421,0.0927,0.24434,2.84848,Latin America and Caribbean,25.0,6.7010000000000005,6.601,6.801,1.18306,0.9891200000000001,0.70835,0.48927,0.08423,0.2418,3.00559,both
25,Germany,Western Europe,26.0,6.75,0.01848,1.32792,1.2993700000000001,0.89186,0.6147699999999999,0.21843,0.28214,2.1156900000000003,Western Europe,16.0,6.994,6.93,7.058,1.44787,1.09774,0.81487,0.53466,0.28551,0.30451999999999996,2.5093099999999997,both
26,Chile,Latin America and Caribbean,27.0,6.67,0.057999999999999996,1.10715,1.12447,0.85857,0.44132,0.12869,0.33363000000000004,2.67585,Latin America and Caribbean,24.0,6.705,6.615,6.795,1.2167,0.9058700000000001,0.8188300000000001,0.37789,0.11450999999999999,0.31595,2.95505,both
27,Qatar,Middle East and Northern Africa,28.0,6.611000000000001,0.06257,1.69042,1.0786,0.79733,0.6404,0.52208,0.32573,1.55674,Middle East and Northern Africa,36.0,6.375,6.178,6.572,1.82427,0.87964,0.71723,0.56679,0.48049,0.32388,1.5822399999999999,both
28,France,Western Europe,29.0,6.575,0.03512,1.27778,1.2603799999999998,0.9457899999999999,0.55011,0.20646,0.12332,2.21126,Western Europe,32.0,6.478,6.397,6.559,1.39488,1.00508,0.83795,0.46562,0.17808,0.1216,2.4744,both
29,Argentina,Latin America and Caribbean,30.0,6.574,0.04612,1.05351,1.24823,0.78723,0.44974,0.08484,0.11450999999999999,2.8360000000000003,Latin America and Caribbean,26.0,6.65,6.56,6.74,1.15137,1.0661200000000002,0.69711,0.42283999999999994,0.07296,0.10989000000000002,3.12985,both
30,Czech Republic,Central and Eastern Europe,31.0,6.505,0.04168,1.17898,1.20643,0.84483,0.46363999999999994,0.02652,0.10686,2.67782,Central and Eastern Europe,27.0,6.596,6.515,6.6770000000000005,1.30915,1.00793,0.76376,0.41418,0.03986,0.09929,2.96211,both
31,Uruguay,Latin America and Caribbean,32.0,6.485,0.04539,1.06166,1.2089,0.8116,0.6036199999999999,0.24558000000000002,0.2324,2.3214200000000003,Latin America and Caribbean,29.0,6.545,6.456,6.6339999999999995,1.18157,1.0314299999999998,0.72183,0.54388,0.21394000000000002,0.18056,2.67139,both
32,Colombia,Latin America and Caribbean,33.0,6.477,0.05051,0.91861,1.2401799999999998,0.69077,0.53466,0.0512,0.18400999999999998,2.85737,Latin America and Caribbean,31.0,6.481,6.3839999999999995,6.577999999999999,1.0303200000000001,1.02169,0.59659,0.44735,0.053989999999999996,0.15625999999999998,3.1747099999999997,both
33,Thailand,Southeastern Asia,34.0,6.455,0.03557,0.9669,1.26504,0.7385,0.5566399999999999,0.031869999999999996,0.5763,2.31945,Southeastern Asia,33.0,6.474,6.396,6.5520000000000005,1.0893,1.04477,0.64915,0.49553,0.02833,0.58696,2.5796,both
34,Saudi Arabia,Middle East and Northern Africa,35.0,6.4110000000000005,0.04633,1.39541,1.0839299999999998,0.72025,0.31048000000000003,0.32524000000000003,0.13706,2.43872,Middle East and Northern Africa,34.0,6.379,6.287000000000001,6.471,1.48953,0.84829,0.59267,0.37904,0.30008,0.15457,2.61482,both
35,Spain,Western Europe,36.0,6.329,0.03468,1.23011,1.31379,0.95562,0.45951000000000003,0.06398,0.18227000000000002,2.12367,Western Europe,37.0,6.361000000000001,6.287999999999999,6.434,1.34253,1.12945,0.8789600000000001,0.37545,0.06137000000000001,0.17665,2.39663,both
36,Malta,Western Europe,37.0,6.3020000000000005,0.04206,1.2074,1.30203,0.88721,0.60365,0.13585999999999998,0.51752,1.6488,Western Europe,30.0,6.4879999999999995,6.409,6.567,1.30782,1.09879,0.80315,0.54994,0.17554,0.56237,1.99032,both
37,Taiwan,Eastern Asia,38.0,6.297999999999999,0.03868,1.29098,1.07617,0.8753,0.3974,0.08129,0.25376,2.32323,Eastern Asia,34.0,6.379,6.305,6.452999999999999,1.39729,0.92624,0.79565,0.32377,0.0663,0.25495,2.61523,both
38,Kuwait,Middle East and Northern Africa,39.0,6.295,0.04456,1.5542200000000002,1.16594,0.72492,0.55499,0.25609,0.16228,1.8763400000000001,Middle East and Northern Africa,41.0,6.239,6.154,6.324,1.61714,0.8775799999999999,0.63569,0.43166000000000004,0.23669,0.15965,2.28085,both
39,Suriname,Latin America and Caribbean,40.0,6.269,0.09811,0.99534,0.972,0.6082,0.5965699999999999,0.13633,0.16990999999999998,2.79094,Latin America and Caribbean,40.0,6.269,6.0729999999999995,6.465,1.09686,0.77866,0.5093300000000001,0.5223399999999999,0.12692,0.16665,3.06852,both
40,Trinidad and Tobago,Latin America and Caribbean,41.0,6.167999999999999,0.10895,1.21183,1.18354,0.61483,0.55884,0.0114,0.31844,2.2688200000000003,Latin America and Caribbean,43.0,6.167999999999999,5.95,6.386,1.32572,0.98569,0.52608,0.48453,0.01241,0.31935,2.5139400000000003,both
41,El Salvador,Latin America and Caribbean,42.0,6.13,0.056179999999999994,0.76454,1.0250700000000001,0.67737,0.4035,0.11775999999999999,0.10692,3.035,Latin America and Caribbean,46.0,6.068,5.9670000000000005,6.169,0.8737,0.80975,0.596,0.37269,0.10613,0.08877,3.22134,both
42,Guatemala,Latin America and Caribbean,43.0,6.122999999999999,0.052239999999999995,0.74553,1.04356,0.64425,0.57733,0.09472,0.27489,2.74255,Latin America and Caribbean,39.0,6.324,6.212999999999999,6.435,0.83454,0.8711899999999999,0.5403899999999999,0.50379,0.08701,0.28808,3.19863,both
43,Uzbekistan,Central and Eastern Europe,44.0,6.002999999999999,0.04361,0.63244,1.34043,0.59772,0.6582100000000001,0.30826,0.22837,2.2374099999999997,Central and Eastern Europe,49.0,5.987,5.896,6.077999999999999,0.7359100000000001,1.1681,0.50163,0.60848,0.28333,0.34326,2.34638,both
44,Slovakia,Central and Eastern Europe,45.0,5.995,0.04267,1.1689100000000001,1.26999,0.7890199999999999,0.31751,0.03431,0.16893,2.2463900000000003,Central and Eastern Europe,45.0,6.077999999999999,5.996,6.16,1.27973,1.0826799999999999,0.70367,0.23390999999999998,0.02947,0.13837,2.61065,both
45,Japan,Eastern Asia,46.0,5.987,0.03581,1.27074,1.25712,0.99111,0.49615,0.1806,0.10705,1.68435,Eastern Asia,53.0,5.921,5.85,5.992000000000001,1.3800700000000001,1.06054,0.91491,0.46761,0.18985,0.10224,1.8058400000000001,both
46,South Korea,Eastern Asia,47.0,5.984,0.04098,1.24461,0.9577399999999999,0.9653799999999999,0.33208000000000004,0.07857,0.18557,2.21978,Eastern Asia,57.0,5.835,5.747000000000001,5.922999999999999,1.35948,0.7219399999999999,0.88645,0.25168,0.07716,0.18824000000000002,2.35015,both
47,Ecuador,Latin America and Caribbean,48.0,5.975,0.04528,0.8640200000000001,0.99903,0.79075,0.48573999999999995,0.1809,0.11540999999999998,2.5394200000000002,Latin America and Caribbean,51.0,5.976,5.88,6.072,0.97306,0.85974,0.68613,0.4027,0.18037,0.10074,2.77366,both
48,Bahrain,Middle East and Northern Africa,49.0,5.96,0.05412,1.32376,1.21624,0.74716,0.45492,0.306,0.17362,1.73797,Middle East and Northern Africa,42.0,6.218,6.127999999999999,6.308,1.44024,0.9439700000000001,0.65696,0.47375,0.25772,0.17147,2.27405,both
49,Italy,Western Europe,50.0,5.9479999999999995,0.03914,1.25114,1.19777,0.9544600000000001,0.26236,0.02901,0.22823000000000002,2.0251799999999998,Western Europe,50.0,5.977,5.898,6.056,1.35495,1.04167,0.8510200000000001,0.18827,0.02556,0.16684000000000002,2.34918,both
50,Bolivia,Latin America and Caribbean,51.0,5.89,0.056420000000000005,0.68133,0.97841,0.5392,0.57414,0.08800000000000001,0.20536,2.82334,Latin America and Caribbean,59.0,5.822,5.74,5.904,0.79422,0.8377899999999999,0.4697,0.50961,0.07746,0.21698,2.91635,both
51,Moldova,Central and Eastern Europe,52.0,5.888999999999999,0.037989999999999996,0.59448,1.01528,0.61826,0.32818,0.01615,0.20951,3.10712,Central and Eastern Europe,55.0,5.897,5.8229999999999995,5.971,0.69177,0.8313200000000001,0.5230899999999999,0.25201999999999997,0.019030000000000002,0.19997,3.38007,both
52,Paraguay,Latin America and Caribbean,53.0,5.877999999999999,0.045630000000000004,0.75985,1.30477,0.66098,0.53899,0.08242000000000001,0.3424,2.18896,Latin America and Caribbean,70.0,5.537999999999999,5.452999999999999,5.622999999999999,0.8937299999999999,1.11111,0.58295,0.46235,0.07396,0.25296,2.16091,both
53,Kazakhstan,Central and Eastern Europe,54.0,5.855,0.041139999999999996,1.1225399999999999,1.1224100000000001,0.64368,0.51649,0.08454,0.11827,2.24729,Central and Eastern Europe,54.0,5.919,5.837000000000001,6.001,1.22943,0.95544,0.57386,0.4052,0.11132,0.15011,2.49325,both
54,Slovenia,Central and Eastern Europe,55.0,5.848,0.04251,1.18498,1.27385,0.8733700000000001,0.60855,0.03787,0.25328,1.6158299999999999,Central and Eastern Europe,63.0,5.768,5.683,5.853,1.2994700000000001,1.05613,0.79151,0.53164,0.03635,0.25738,1.79522,both
55,Lithuania,Central and Eastern Europe,56.0,5.832999999999999,0.03843,1.14723,1.25745,0.73128,0.21341999999999997,0.01031,0.026410000000000003,2.4464900000000003,Central and Eastern Europe,60.0,5.813,5.734,5.892,1.2692,1.0641100000000001,0.64674,0.18929,0.0182,0.02025,2.60525,both
56,Nicaragua,Latin America and Caribbean,57.0,5.827999999999999,0.05371,0.59325,1.14184,0.7431399999999999,0.55475,0.19317,0.27815,2.32407,Latin America and Caribbean,48.0,5.992000000000001,5.877000000000001,6.107,0.69384,0.8952100000000001,0.65213,0.46581999999999996,0.16292,0.29773,2.82428,both
57,Peru,Latin America and Caribbean,58.0,5.824,0.04615,0.9001899999999999,0.97459,0.73017,0.41496000000000005,0.05989,0.14982,2.5945,Latin America and Caribbean,64.0,5.742999999999999,5.647,5.8389999999999995,0.9960200000000001,0.81255,0.6299399999999999,0.37501999999999996,0.05292,0.14527,2.73117,both
58,Belarus,Central and Eastern Europe,59.0,5.813,0.03938,1.0319200000000002,1.23289,0.7360800000000001,0.37938,0.1909,0.11045999999999999,2.1309,Central and Eastern Europe,61.0,5.8020000000000005,5.723,5.881,1.1306200000000002,1.04993,0.6310399999999999,0.29091,0.17457,0.13942000000000002,2.3858200000000003,both
59,Poland,Central and Eastern Europe,60.0,5.791,0.04263,1.12555,1.27948,0.77903,0.53122,0.04212,0.16759000000000002,1.86565,Central and Eastern Europe,57.0,5.835,5.749,5.921,1.24585,1.04685,0.69058,0.4519,0.055,0.14443,2.20035,both
60,Malaysia,Southeastern Asia,61.0,5.77,0.0433,1.12486,1.07023,0.7239399999999999,0.5302399999999999,0.10500999999999999,0.33075,1.8854099999999998,Southeastern Asia,47.0,6.005,5.921,6.0889999999999995,1.25142,0.88025,0.62366,0.39031,0.09081,0.41473999999999994,2.35384,both
61,Croatia,Central and Eastern Europe,62.0,5.7589999999999995,0.04394,1.08254,0.79624,0.78805,0.25883,0.0243,0.054439999999999995,2.75414,Central and Eastern Europe,74.0,5.4879999999999995,5.402,5.574,1.18649,0.6080899999999999,0.70524,0.23906999999999998,0.04002,0.18434,2.52462,both
62,Libya,Middle East and Northern Africa,63.0,5.754,0.07832,1.13145,1.1186200000000002,0.7038,0.41668,0.11023,0.18295,2.0906599999999997,Middle East and Northern Africa,67.0,5.615,5.406000000000001,5.824,1.0668799999999998,0.95076,0.52304,0.40671999999999997,0.10339000000000001,0.17087,2.39374,both
63,Russia,Central and Eastern Europe,64.0,5.716,0.03135,1.13764,1.23617,0.6692600000000001,0.36679,0.03005,0.00199,2.27394,Central and Eastern Europe,56.0,5.856,5.789,5.922999999999999,1.2322799999999998,1.05261,0.58991,0.32682,0.03586,0.027360000000000002,2.59115,both
64,Jamaica,Latin America and Caribbean,65.0,5.709,0.13693,0.81038,1.1510200000000002,0.6874100000000001,0.50442,0.02299,0.2123,2.32038,Latin America and Caribbean,73.0,5.51,5.315,5.705,0.89333,0.96372,0.5946899999999999,0.43596999999999997,0.04294,0.22245,2.35682,both
65,North Cyprus,Western Europe,66.0,5.695,0.05635,1.2080600000000001,1.07008,0.92356,0.49027,0.1428,0.26169000000000003,1.5988799999999999,Western Europe,62.0,5.771,5.67,5.872000000000001,1.31141,0.81826,0.8414200000000001,0.43596,0.16577999999999998,0.26322,1.9344700000000001,both
66,Cyprus,Western Europe,67.0,5.689,0.0558,1.20813,0.89318,0.92356,0.40671999999999997,0.06146,0.30638000000000004,1.8893099999999998,Western Europe,69.0,5.546,5.442,5.65,1.31857,0.70697,0.8488,0.29507,0.05227999999999999,0.27906,2.04497,both
67,Algeria,Middle East and Northern Africa,68.0,5.605,0.05099,0.93929,1.07772,0.61766,0.28579,0.17382999999999998,0.07822,2.43209,Middle East and Northern Africa,38.0,6.355,6.227,6.483,1.05266,0.83309,0.6180399999999999,0.21006,0.16157,0.07044,3.40904,both
68,Kosovo,Central and Eastern Europe,69.0,5.5889999999999995,0.05018,0.80148,0.81198,0.63132,0.24749000000000002,0.04741,0.2831,2.76579,Central and Eastern Europe,77.0,5.401,5.308,5.494,0.90145,0.66062,0.54,0.14396,0.06547,0.27992,2.80998,both
69,Turkmenistan,Central and Eastern Europe,70.0,5.547999999999999,0.04175,0.95847,1.22668,0.53886,0.4761,0.30844,0.16979,1.8698400000000002,Central and Eastern Europe,65.0,5.6579999999999995,5.58,5.736000000000001,1.08017,1.03817,0.44006000000000006,0.37408,0.28467,0.22566999999999998,2.21489,both
70,Mauritius,Sub-Saharan Africa,71.0,5.477,0.07197,1.0076100000000001,0.98521,0.7095,0.56066,0.07521,0.37744,1.76145,Sub-Saharan Africa,66.0,5.648,5.507000000000001,5.789,1.14372,0.75695,0.66189,0.46145,0.05202999999999999,0.36951,2.20223,both
71,Hong Kong,Eastern Asia,72.0,5.474,0.05051,1.38604,1.05818,1.01328,0.59608,0.37124,0.39478,0.6542899999999999,Eastern Asia,75.0,5.457999999999999,5.362,5.553999999999999,1.5107,0.87021,0.9527700000000001,0.48078999999999994,0.31647,0.40097,0.92614,both
72,Estonia,Central and Eastern Europe,73.0,5.428999999999999,0.04013,1.15174,1.22791,0.77361,0.44888,0.15184,0.0868,1.58782,Central and Eastern Europe,72.0,5.517,5.437,5.597,1.2796399999999999,1.0516299999999998,0.68098,0.41511000000000003,0.18519000000000002,0.08423,1.81985,both
73,Indonesia,Southeastern Asia,74.0,5.399,0.025960000000000004,0.8282700000000001,1.0870799999999998,0.63793,0.46611,0.0,0.51535,1.86399,Southeastern Asia,79.0,5.314,5.237,5.391,0.95104,0.87625,0.49373999999999996,0.39237,0.00322,0.56521,2.03171,both
74,Vietnam,Southeastern Asia,75.0,5.36,0.03107,0.63216,0.9122600000000001,0.7467600000000001,0.59444,0.10440999999999999,0.1686,2.20173,Southeastern Asia,96.0,5.061,4.9910000000000005,5.131,0.74037,0.7911699999999999,0.66157,0.5595399999999999,0.11556,0.25075,1.9418,both
75,Turkey,Middle East and Northern Africa,76.0,5.332000000000001,0.03864,1.06098,0.94632,0.73172,0.22815,0.15746,0.12253,2.08528,Middle East and Northern Africa,78.0,5.388999999999999,5.295,5.483,1.1649200000000002,0.8771700000000001,0.64718,0.23889000000000002,0.12347999999999999,0.04707,2.29074,both
76,Kyrgyzstan,Central and Eastern Europe,77.0,5.2860000000000005,0.03823,0.47428000000000003,1.15115,0.65088,0.43477,0.042319999999999997,0.3003,2.2327,Central and Eastern Europe,85.0,5.185,5.103,5.267,0.5604399999999999,0.95434,0.5544899999999999,0.40212,0.047619999999999996,0.38432,2.28136,both
77,Nigeria,Sub-Saharan Africa,78.0,5.268,0.04192,0.65435,0.9043200000000001,0.16007000000000002,0.34334000000000003,0.0403,0.27233,2.89319,Sub-Saharan Africa,103.0,4.875,4.75,5.0,0.75216,0.64498,0.05108,0.27854,0.0305,0.23219,2.8858599999999996,both
78,Bhutan,Southern Asia,79.0,5.252999999999999,0.03225,0.77042,1.10395,0.57407,0.5320600000000001,0.15445,0.47998,1.63794,Southern Asia,84.0,5.196000000000001,5.138,5.254,0.8527,0.9083600000000001,0.49759,0.46074,0.1616,0.48546000000000006,1.82916,both
79,Azerbaijan,Central and Eastern Europe,80.0,5.212000000000001,0.03363,1.02389,0.9379299999999999,0.64045,0.3703,0.16065,0.07799,2.00073,Central and Eastern Europe,81.0,5.291,5.226,5.356,1.12373,0.76042,0.54504,0.35327,0.17914000000000002,0.0564,2.2735,both
80,Pakistan,Southern Asia,81.0,5.194,0.03726,0.59543,0.41411000000000003,0.51466,0.12102,0.10464000000000001,0.33671,3.1070900000000004,Southern Asia,92.0,5.132000000000001,5.038,5.226,0.68816,0.26135,0.40306,0.14622000000000002,0.1388,0.31185,3.18286,both
81,Jordan,Middle East and Northern Africa,82.0,5.192,0.045239999999999995,0.9019799999999999,1.05392,0.69639,0.40660999999999997,0.14293,0.11052999999999999,1.8799599999999999,Middle East and Northern Africa,80.0,5.303,5.187,5.419,0.9967299999999999,0.86216,0.60712,0.36023,0.13297,0.14262,2.20142,both
82,Montenegro,Central and Eastern Europe,82.0,5.192,0.05235,0.9743799999999999,0.9055700000000001,0.72521,0.1826,0.14296,0.1614,2.10017,Central and Eastern Europe,88.0,5.1610000000000005,5.055,5.267,1.07838,0.74173,0.6353300000000001,0.15111,0.12721,0.17190999999999998,2.2553099999999997,both
83,China,Eastern Asia,84.0,5.14,0.02424,0.89012,0.94675,0.81658,0.5169699999999999,0.02781,0.08185,1.8604,Eastern Asia,83.0,5.245,5.199,5.291,1.0278,0.79381,0.73561,0.44011999999999996,0.02745,0.049589999999999995,2.17087,both
84,Zambia,Sub-Saharan Africa,85.0,5.129,0.06988,0.47038,0.91612,0.29924,0.48827,0.12468,0.19591,2.6343,Sub-Saharan Africa,106.0,4.795,4.645,4.945,0.61202,0.6376,0.23573000000000002,0.42662,0.11479,0.17865999999999999,2.5899099999999997,both
85,Romania,Central and Eastern Europe,86.0,5.124,0.06607,1.04345,0.8858799999999999,0.7689,0.35068,0.006490000000000001,0.13748,1.9312900000000002,Central and Eastern Europe,71.0,5.528,5.4270000000000005,5.629,1.1697,0.7280300000000001,0.67602,0.36712,0.006790000000000001,0.12889,2.4518400000000002,both
86,Serbia,Central and Eastern Europe,87.0,5.122999999999999,0.048639999999999996,0.92053,1.0096399999999999,0.74836,0.20107,0.02617,0.19230999999999998,2.025,Central and Eastern Europe,86.0,5.1770000000000005,5.083,5.271,1.03437,0.81329,0.6458,0.15718,0.04339,0.20736999999999997,2.2753900000000002,both
87,Portugal,Western Europe,88.0,5.102,0.04802,1.15991,1.13935,0.8751899999999999,0.51469,0.01078,0.13719,1.26462,Western Europe,94.0,5.122999999999999,5.03,5.216,1.27607,0.9436700000000001,0.7936300000000001,0.44727,0.01521,0.11690999999999999,1.53015,both
88,Latvia,Central and Eastern Europe,89.0,5.098,0.0464,1.11312,1.09562,0.72437,0.29671,0.06332,0.18225999999999998,1.62215,Central and Eastern Europe,68.0,5.56,5.486000000000001,5.6339999999999995,1.2178799999999999,0.95025,0.63952,0.27996,0.0889,0.17445,2.20859,both
89,Philippines,Southeastern Asia,90.0,5.073,0.049339999999999995,0.70532,1.03516,0.58114,0.62545,0.12279000000000001,0.24991,1.7536,Southeastern Asia,82.0,5.279,5.16,5.398,0.81217,0.87877,0.47036000000000006,0.5485399999999999,0.11757000000000001,0.21674000000000002,2.23484,both
90,Somaliland region,Sub-Saharan Africa,91.0,5.0569999999999995,0.061610000000000005,0.18847,0.95152,0.43873,0.46581999999999996,0.39928,0.5031800000000001,2.11032,,,,,,,,,,,,,left_only
91,Morocco,Middle East and Northern Africa,92.0,5.013,0.0342,0.7347899999999999,0.64095,0.60954,0.41691000000000006,0.08546000000000001,0.07172,2.4537299999999997,Middle East and Northern Africa,90.0,5.151,5.058,5.244,0.8405799999999999,0.38595,0.5947100000000001,0.25645999999999997,0.08404,0.040530000000000004,2.9489099999999997,both
92,Macedonia,Central and Eastern Europe,93.0,5.007,0.05376,0.91851,1.00232,0.73545,0.33457,0.053270000000000005,0.22359,1.7393299999999998,Central and Eastern Europe,95.0,5.121,5.0169999999999995,5.225,1.0193,0.78236,0.6473800000000001,0.27668000000000004,0.07047,0.23506999999999997,2.08947,both
93,Mozambique,Sub-Saharan Africa,94.0,4.971,0.07896,0.08308,1.02626,0.09131,0.34037,0.15603,0.22269,3.05137,,,,,,,,,,,,,left_only
94,Albania,Central and Eastern Europe,95.0,4.959,0.05013,0.8786700000000001,0.8043399999999999,0.81325,0.35733000000000004,0.06412999999999999,0.14272,1.89894,Central and Eastern Europe,109.0,4.655,4.546,4.763999999999999,0.9553,0.50163,0.73007,0.31866,0.05301,0.1684,1.9281599999999999,both
95,Bosnia and Herzegovina,Central and Eastern Europe,96.0,4.949,0.06913,0.8322299999999999,0.9191600000000001,0.79081,0.09245,0.00227,0.24808000000000002,2.06367,Central and Eastern Europe,87.0,5.162999999999999,5.063,5.263,0.9338299999999999,0.64367,0.7076600000000001,0.09511,0.0,0.29889,2.48406,both
96,Lesotho,Sub-Saharan Africa,97.0,4.898,0.09437999999999999,0.37545,1.04103,0.07612000000000001,0.31767,0.12504,0.16388,2.79832,,,,,,,,,,,,,left_only
97,Dominican Republic,Latin America and Caribbean,98.0,4.885,0.07446,0.8953700000000001,1.17202,0.66825,0.57672,0.14234000000000002,0.21684,1.21305,Latin America and Caribbean,89.0,5.155,5.037,5.273,1.02787,0.9949600000000001,0.5766899999999999,0.52259,0.12372000000000001,0.21286,1.6962599999999999,both
98,Laos,Southeastern Asia,99.0,4.876,0.06698,0.5906600000000001,0.73803,0.54909,0.59591,0.24249,0.42191999999999996,1.7379900000000001,Southeastern Asia,102.0,4.876,4.742,5.01,0.68042,0.5497,0.38291,0.52168,0.22423,0.43078999999999995,2.08637,both
99,Mongolia,Eastern Asia,100.0,4.874,0.03313,0.82819,1.3006,0.60268,0.43626000000000004,0.026660000000000003,0.3323,1.34759,Eastern Asia,101.0,4.907,4.838,4.976,0.9885299999999999,1.0898299999999999,0.55469,0.35972,0.03285,0.34539000000000003,1.53586,both
100,Swaziland,Sub-Saharan Africa,101.0,4.867,0.08742,0.71206,1.07284,0.07566,0.30658,0.0306,0.18259,2.48676,,,,,,,,,,,,,left_only
101,Greece,Western Europe,102.0,4.857,0.05062,1.15406,0.9293299999999999,0.88213,0.07699,0.013969999999999998,0.0,1.8010099999999998,Western Europe,99.0,5.033,4.935,5.131,1.24886,0.75473,0.80029,0.05822000000000001,0.04127,0.0,2.12944,both
102,Lebanon,Middle East and Northern Africa,103.0,4.8389999999999995,0.04337,1.0256399999999999,0.80001,0.83947,0.33916,0.04582,0.21854,1.57059,Middle East and Northern Africa,93.0,5.129,5.031000000000001,5.227,1.12268,0.64184,0.76171,0.26228,0.030610000000000002,0.23693000000000003,2.0733900000000003,both
103,Hungary,Central and Eastern Europe,104.0,4.8,0.061070000000000006,1.12094,1.20215,0.75905,0.32111999999999996,0.02758,0.128,1.24074,Central and Eastern Europe,91.0,5.145,5.056,5.234,1.24142,0.9316399999999999,0.67608,0.1977,0.044719999999999996,0.099,1.9547299999999999,both
104,Honduras,Latin America and Caribbean,105.0,4.788,0.056479999999999995,0.59532,0.9534799999999999,0.6951,0.40148,0.06825,0.23026999999999997,1.84408,Latin America and Caribbean,104.0,4.871,4.75,4.992,0.69429,0.7559600000000001,0.5838300000000001,0.26755,0.06906,0.2044,2.2955099999999997,both
105,Tajikistan,Central and Eastern Europe,106.0,4.7860000000000005,0.03198,0.39047,0.8556299999999999,0.5737899999999999,0.47216,0.15072,0.22974,2.1139900000000003,Central and Eastern Europe,100.0,4.996,4.923,5.069,0.48835,0.75602,0.5311899999999999,0.43408,0.13509000000000002,0.25998000000000004,2.39106,both
106,Tunisia,Middle East and Northern Africa,107.0,4.739,0.03589,0.88113,0.60429,0.73793,0.26268,0.06358,0.06431,2.12466,Middle East and Northern Africa,98.0,5.045,4.965,5.125,0.97724,0.43165,0.59577,0.23553000000000002,0.0817,0.03936,2.68413,both
107,Palestinian Territories,Middle East and Northern Africa,108.0,4.715,0.04394,0.59867,0.92558,0.66015,0.24499,0.12905,0.11250999999999999,2.0438400000000003,Middle East and Northern Africa,108.0,4.754,4.649,4.859,0.67024,0.71629,0.56844,0.17744000000000001,0.10613,0.11154000000000001,2.40364,both
108,Bangladesh,Southern Asia,109.0,4.694,0.03077,0.39753,0.43106000000000005,0.60164,0.4082,0.12569,0.21222,2.51767,Southern Asia,110.0,4.643,4.56,4.726,0.54177,0.24749000000000002,0.52989,0.39778,0.12583,0.19132000000000002,2.6090400000000002,both
109,Iran,Middle East and Northern Africa,110.0,4.686,0.044489999999999995,1.0088,0.54447,0.69805,0.30033000000000004,0.058629999999999995,0.38086,1.6944,Middle East and Northern Africa,105.0,4.813,4.703,4.923,1.11758,0.38856999999999997,0.64232,0.22544,0.0557,0.38538,1.99817,both
110,Ukraine,Central and Eastern Europe,111.0,4.681,0.04412,0.79907,1.20278,0.6739,0.25123,0.02961,0.15275,1.5714,Central and Eastern Europe,123.0,4.324,4.236000000000001,4.412,0.87287,1.01413,0.58628,0.12859,0.01829,0.20363,1.50066,both
111,Iraq,Middle East and Northern Africa,112.0,4.677,0.052320000000000005,0.98549,0.81889,0.60237,0.0,0.13788,0.17922000000000002,1.95335,Middle East and Northern Africa,112.0,4.575,4.446000000000001,4.704,1.07474,0.59205,0.51076,0.24856,0.13635999999999998,0.19589,1.81657,both
112,South Africa,Sub-Saharan Africa,113.0,4.6419999999999995,0.04585,0.9204899999999999,1.18468,0.27688,0.33207,0.08884,0.11972999999999999,1.7195599999999998,Sub-Saharan Africa,116.0,4.459,4.371,4.547,1.02416,0.9605299999999999,0.18611,0.42483000000000004,0.08415,0.13656,1.6422700000000001,both
113,Ghana,Sub-Saharan Africa,114.0,4.633,0.04742,0.5455800000000001,0.6795399999999999,0.40131999999999995,0.42341999999999996,0.04355,0.23087,2.30919,Sub-Saharan Africa,124.0,4.276,4.185,4.367,0.63107,0.49353,0.29681,0.40973000000000004,0.0326,0.21203000000000002,2.2002,both
114,Zimbabwe,Sub-Saharan Africa,115.0,4.61,0.0429,0.271,1.0327600000000001,0.33475,0.25861,0.08079,0.18987,2.44191,Sub-Saharan Africa,131.0,4.1930000000000005,4.101,4.285,0.35041,0.71478,0.1595,0.25429,0.08582000000000001,0.18503,2.4427,both
115,Liberia,Sub-Saharan Africa,116.0,4.571000000000001,0.11068,0.0712,0.78968,0.34201,0.28531,0.06232000000000001,0.24361999999999998,2.7772900000000003,Sub-Saharan Africa,150.0,3.622,3.463,3.781,0.10705999999999999,0.50353,0.23165,0.25748000000000004,0.04852,0.24063,2.23284,both
116,India,Southern Asia,117.0,4.565,0.02043,0.64499,0.38174,0.5152899999999999,0.39786,0.08492000000000001,0.26475,2.27513,Southern Asia,118.0,4.404,4.351,4.457,0.74036,0.29247,0.45091000000000003,0.40285,0.08722,0.25028,2.18032,both
117,Sudan,Sub-Saharan Africa,118.0,4.55,0.0674,0.52107,1.01404,0.36878,0.10081,0.1466,0.19062,2.20857,Sub-Saharan Africa,133.0,4.138999999999999,3.928,4.35,0.63069,0.8192799999999999,0.29759,0.0,0.10039,0.18077000000000001,2.10995,both
118,Haiti,Latin America and Caribbean,119.0,4.518,0.07331,0.26673,0.74302,0.38847,0.24425,0.17175,0.46187,2.24173,Latin America and Caribbean,136.0,4.0280000000000005,3.8930000000000002,4.163,0.34097,0.29561,0.27494,0.12072000000000001,0.14476,0.47958,2.3711599999999997,both
119,Congo (Kinshasa),Sub-Saharan Africa,120.0,4.5169999999999995,0.0368,0.0,1.0012,0.09806000000000001,0.22605,0.07625,0.24834,2.86712,Sub-Saharan Africa,125.0,4.272,4.191,4.353,0.05661,0.80676,0.188,0.15602,0.06075,0.25458000000000003,2.7492400000000004,both
120,Nepal,Southern Asia,121.0,4.513999999999999,0.03607,0.35996999999999996,0.86449,0.5687399999999999,0.38282,0.059070000000000004,0.32295999999999997,1.9563700000000002,Southern Asia,107.0,4.793,4.698,4.888,0.44626000000000005,0.69699,0.50073,0.37012,0.07007999999999999,0.3816,2.32694,both
121,Ethiopia,Sub-Saharan Africa,122.0,4.512,0.0378,0.19072999999999998,0.60406,0.44055,0.4345,0.15048,0.24325,2.44876,Sub-Saharan Africa,115.0,4.508,4.425,4.591,0.29283000000000003,0.37932,0.34578000000000003,0.36703,0.1717,0.29522,2.65614,both
122,Sierra Leone,Sub-Saharan Africa,123.0,4.507,0.07067999999999999,0.33024000000000003,0.9557100000000001,0.0,0.4084,0.08786000000000001,0.21488000000000002,2.51009,Sub-Saharan Africa,111.0,4.635,4.505,4.765,0.36485,0.628,0.0,0.30685,0.08196,0.23897,3.01402,both
123,Mauritania,Sub-Saharan Africa,124.0,4.436,0.03947,0.45407,0.86908,0.35874,0.24231999999999998,0.17461,0.21899999999999997,2.11773,Sub-Saharan Africa,130.0,4.2010000000000005,4.127,4.275,0.6139100000000001,0.8414200000000001,0.28639000000000003,0.1268,0.17955,0.22685999999999998,1.9263,both
124,Kenya,Sub-Saharan Africa,125.0,4.419,0.04734,0.36471,0.99876,0.41435,0.42215,0.05839,0.37542,1.78555,Sub-Saharan Africa,122.0,4.356,4.2589999999999995,4.453,0.52267,0.7624,0.30146999999999996,0.40576,0.06686,0.41328000000000004,1.88326,both
125,Djibouti,Sub-Saharan Africa,126.0,4.369,0.08096,0.44025,0.59207,0.36291,0.46074,0.28105,0.18093,2.05125,,,,,,,,,,,,,left_only
126,Armenia,Central and Eastern Europe,127.0,4.35,0.04763,0.7682100000000001,0.7771100000000001,0.7299,0.19847,0.039,0.07855,1.75873,Central and Eastern Europe,121.0,4.36,4.266,4.454,0.8608600000000001,0.6247699999999999,0.64083,0.14037,0.036160000000000005,0.07793,1.9786400000000002,both
127,Botswana,Sub-Saharan Africa,128.0,4.332,0.049339999999999995,0.99355,1.10464,0.047760000000000004,0.49495,0.12474,0.10461,1.46181,Sub-Saharan Africa,137.0,3.9739999999999998,3.875,4.073,1.09426,0.89186,0.34752,0.44088999999999995,0.10769000000000001,0.12425,0.96741,both
128,Myanmar,Southeastern Asia,129.0,4.3069999999999995,0.04351,0.27108000000000004,0.70905,0.48246000000000006,0.44017,0.19034,0.79588,1.41805,Southeastern Asia,119.0,4.395,4.327,4.463,0.34112,0.69981,0.3988,0.42691999999999997,0.20243,0.81971,1.50655,both
129,Georgia,Central and Eastern Europe,130.0,4.297,0.042210000000000004,0.7419,0.38561999999999996,0.72926,0.40576999999999996,0.38331,0.055470000000000005,1.59541,Central and Eastern Europe,126.0,4.252,4.164,4.34,0.8379200000000001,0.19249000000000002,0.64035,0.32461,0.3188,0.06786,1.87031,both
130,Malawi,Sub-Saharan Africa,131.0,4.292,0.0613,0.016040000000000002,0.41134,0.22562,0.43054,0.06977,0.33128,2.8079099999999997,Sub-Saharan Africa,132.0,4.156000000000001,4.041,4.271,0.08709,0.147,0.29364,0.4143,0.07564,0.30968,2.82859,both
131,Sri Lanka,Southern Asia,132.0,4.271,0.03751,0.83524,1.01905,0.70806,0.5372600000000001,0.09179,0.40828000000000003,0.67108,Southern Asia,117.0,4.415,4.322,4.508,0.9731799999999999,0.84783,0.62007,0.50817,0.07964,0.46978000000000003,0.91681,both
132,Cameroon,Sub-Saharan Africa,133.0,4.252,0.04678,0.4225,0.8876700000000001,0.23401999999999998,0.49309,0.05786,0.20618000000000003,1.95071,Sub-Saharan Africa,114.0,4.513,4.417,4.609,0.5249699999999999,0.62542,0.12697999999999998,0.42736,0.06126,0.2268,2.5198,both
133,Bulgaria,Central and Eastern Europe,134.0,4.218,0.04828,1.01216,1.10614,0.76649,0.30587,0.00872,0.11921,0.89991,Central and Eastern Europe,129.0,4.217,4.104,4.33,1.11306,0.92542,0.67806,0.21219000000000002,0.00615,0.12793,1.15377,both
134,Egypt,Middle East and Northern Africa,135.0,4.194,0.0326,0.8818,0.747,0.61712,0.17288,0.06324,0.11291,1.59927,Middle East and Northern Africa,120.0,4.362,4.2589999999999995,4.465,0.95395,0.49813,0.5211600000000001,0.18847,0.10393,0.12705999999999998,1.96895,both
135,Yemen,Middle East and Northern Africa,136.0,4.077,0.04367,0.5464899999999999,0.68093,0.40064,0.35570999999999997,0.07854,0.09131,1.92313,Middle East and Northern Africa,147.0,3.7239999999999998,3.6210000000000004,3.827,0.57939,0.47493,0.31048000000000003,0.2287,0.05892000000000001,0.09821,1.97295,both
136,Angola,Sub-Saharan Africa,137.0,4.033,0.047580000000000004,0.75778,0.8604,0.16683,0.10384000000000002,0.07122,0.12344000000000001,1.9493900000000002,Sub-Saharan Africa,141.0,3.866,3.753,3.9789999999999996,0.84731,0.66366,0.04991,0.00589,0.08434,0.12070999999999998,2.09459,both
137,Mali,Sub-Saharan Africa,138.0,3.995,0.05602000000000001,0.26074,1.03526,0.20583,0.38856999999999997,0.12352,0.18798,1.79293,Sub-Saharan Africa,135.0,4.073,3.988,4.158,0.31292,0.8633299999999999,0.16347,0.27544,0.13647,0.21064000000000002,2.1108700000000002,both
138,Congo (Brazzaville),Sub-Saharan Africa,139.0,3.989,0.06682,0.67866,0.6629,0.31051,0.41466000000000003,0.11685999999999999,0.12387999999999999,1.68135,Sub-Saharan Africa,127.0,4.236000000000001,4.107,4.365,0.7710899999999999,0.47798999999999997,0.28212,0.37938,0.09752999999999999,0.12077,2.10681,both
139,Comoros,Sub-Saharan Africa,140.0,3.9560000000000004,0.04797,0.23906,0.79273,0.36315,0.22916999999999998,0.19899999999999998,0.17440999999999998,1.95812,Sub-Saharan Africa,138.0,3.9560000000000004,3.86,4.052,0.27509,0.60323,0.29980999999999997,0.15412,0.18437,0.1827,2.25632,both
140,Uganda,Sub-Saharan Africa,141.0,3.931,0.04317,0.21101999999999999,1.13299,0.33860999999999997,0.45726999999999995,0.07267,0.29066,1.42766,Sub-Saharan Africa,145.0,3.739,3.6289999999999996,3.8489999999999998,0.34719,0.90981,0.19625,0.43653000000000003,0.06442,0.27102,1.51416,both
141,Senegal,Sub-Saharan Africa,142.0,3.904,0.03608,0.36498,0.97619,0.4354,0.36772,0.10712999999999999,0.20843000000000003,1.44395,Sub-Saharan Africa,128.0,4.218999999999999,4.151,4.287,0.44314,0.7741600000000001,0.40457,0.31056,0.11681,0.19103,1.9786099999999998,both
142,Gabon,Sub-Saharan Africa,143.0,3.8960000000000004,0.04547,1.06024,0.90528,0.43372,0.31914000000000003,0.11091,0.06822,0.99895,Sub-Saharan Africa,134.0,4.121,4.03,4.212,1.15851,0.72368,0.3494,0.28098,0.09314,0.062439999999999996,1.4533200000000002,both
143,Niger,Sub-Saharan Africa,144.0,3.845,0.036019999999999996,0.0694,0.77265,0.29707,0.47691999999999996,0.15639,0.19387000000000001,1.87877,Sub-Saharan Africa,142.0,3.8560000000000003,3.781,3.931,0.1327,0.6053,0.26161999999999996,0.38040999999999997,0.17176,0.2097,2.09469,both
144,Cambodia,Southeastern Asia,145.0,3.819,0.05069,0.46038,0.62736,0.61114,0.66246,0.07247,0.40359,0.98195,Southeastern Asia,140.0,3.907,3.798,4.016,0.55604,0.5375,0.42494,0.5885199999999999,0.08092,0.40339,1.3157299999999998,both
145,Tanzania,Sub-Saharan Africa,146.0,3.781,0.05061,0.2852,1.00268,0.38215,0.32878,0.05747000000000001,0.34376999999999996,1.38079,Sub-Saharan Africa,149.0,3.6660000000000004,3.5610000000000004,3.7710000000000004,0.47155,0.77623,0.35700000000000004,0.3176,0.05099,0.31472,1.3776899999999999,both
146,Madagascar,Sub-Saharan Africa,147.0,3.681,0.03633,0.20824,0.66801,0.46721,0.19184,0.08123999999999999,0.21333000000000002,1.851,Sub-Saharan Africa,148.0,3.695,3.6210000000000004,3.7689999999999997,0.27954,0.46115,0.37109000000000003,0.13684000000000002,0.07506,0.2204,2.15075,both
147,Central African Republic,Sub-Saharan Africa,148.0,3.678,0.06112000000000001,0.0785,0.0,0.06699,0.48878999999999995,0.08288999999999999,0.23835,2.7223,,,,,,,,,,,,,left_only
148,Chad,Sub-Saharan Africa,149.0,3.667,0.0383,0.34193,0.76062,0.1501,0.23501,0.05269,0.18386,1.9429599999999998,Sub-Saharan Africa,144.0,3.763,3.6719999999999997,3.8539999999999996,0.42213999999999996,0.63178,0.038239999999999996,0.12807000000000002,0.04952,0.18667,2.3063700000000003,both
149,Guinea,Sub-Saharan Africa,150.0,3.656,0.0359,0.17417,0.46475,0.24009,0.37725,0.12139000000000001,0.28657,1.9917200000000002,Sub-Saharan Africa,151.0,3.6069999999999998,3.533,3.681,0.22415,0.3109,0.18829,0.30953,0.1192,0.29914,2.15604,both
150,Ivory Coast,Sub-Saharan Africa,151.0,3.655,0.051410000000000004,0.46534,0.77115,0.15185,0.46866,0.17922000000000002,0.20165,1.41723,Sub-Saharan Africa,139.0,3.9160000000000004,3.826,4.006,0.55507,0.57576,0.04476,0.40663,0.1553,0.20338,1.97478,both
151,Burkina Faso,Sub-Saharan Africa,152.0,3.5869999999999997,0.04324,0.25811999999999996,0.85188,0.27125,0.39493,0.12832000000000002,0.21746999999999997,1.46494,Sub-Saharan Africa,145.0,3.739,3.647,3.8310000000000004,0.31995,0.63054,0.21297,0.3337,0.12533,0.24353000000000002,1.8731900000000001,both
152,Afghanistan,Southern Asia,153.0,3.575,0.03084,0.31982,0.30285,0.30335,0.23414000000000001,0.09719,0.3651,1.9521,Southern Asia,154.0,3.36,3.2880000000000003,3.432,0.38227,0.11037000000000001,0.17344,0.1643,0.07112,0.31268,2.14558,both
153,Rwanda,Sub-Saharan Africa,154.0,3.465,0.03464,0.22208000000000003,0.7737,0.42863999999999997,0.59201,0.55191,0.22628,0.67042,Sub-Saharan Africa,152.0,3.515,3.444,3.5860000000000003,0.32846,0.6158600000000001,0.31865,0.5432,0.50521,0.23551999999999998,0.96819,both
154,Benin,Sub-Saharan Africa,155.0,3.34,0.03656,0.28665,0.35386,0.3191,0.4845,0.0801,0.1826,1.6332799999999998,Sub-Saharan Africa,153.0,3.484,3.404,3.5639999999999996,0.39499,0.10419,0.21028000000000002,0.39747,0.06681000000000001,0.2018,2.10812,both
155,Syria,Middle East and Northern Africa,156.0,3.0060000000000002,0.05015,0.6632,0.47489,0.7219300000000001,0.15684,0.18905999999999998,0.47179,0.32858000000000004,Middle East and Northern Africa,156.0,3.069,2.9360000000000004,3.202,0.7471899999999999,0.14866,0.6299399999999999,0.06912,0.17232999999999998,0.48396999999999996,0.81789,both
156,Burundi,Sub-Saharan Africa,157.0,2.905,0.08657999999999999,0.0153,0.41586999999999996,0.22396,0.1185,0.10062,0.19727,1.83302,Sub-Saharan Africa,157.0,2.905,2.7319999999999998,3.0780000000000003,0.06831,0.23442,0.15747,0.0432,0.09419,0.2029,2.1040400000000004,both
157,Togo,Sub-Saharan Africa,158.0,2.839,0.06727000000000001,0.20868,0.13995,0.28443,0.36453,0.10730999999999999,0.16680999999999999,1.56726,Sub-Saharan Africa,155.0,3.303,3.1919999999999997,3.4139999999999997,0.28123000000000004,0.0,0.24811,0.34678000000000003,0.11587,0.17517,2.1354,both
158,Puerto Rico,,,,,,,,,,,,Latin America and Caribbean,15.0,7.039,6.794,7.284,1.35943,1.08113,0.77758,0.46823000000000004,0.12275,0.22202,3.0076,right_only
159,Belize,,,,,,,,,,,,Latin America and Caribbean,52.0,5.956,5.71,6.202000000000001,0.87616,0.68655,0.45569,0.51231,0.10770999999999999,0.23684000000000002,3.08039,right_only
160,Somalia,,,,,,,,,,,,Sub-Saharan Africa,76.0,5.44,5.321000000000001,5.559,0.0,0.33613000000000004,0.11465999999999998,0.5677800000000001,0.3118,0.27225,3.8377199999999996,right_only
161,Somaliland Region,,,,,,,,,,,,Sub-Saharan Africa,97.0,5.0569999999999995,4.934,5.18,0.25558000000000003,0.75862,0.33108000000000004,0.3913,0.36794,0.51479,2.43801,right_only
162,Namibia,,,,,,,,,,,,Sub-Saharan Africa,113.0,4.574,4.374,4.774,0.9328700000000001,0.70362,0.34745,0.48613999999999996,0.10397999999999999,0.07795,1.92198,right_only
163,South Sudan,,,,,,,,,,,,Sub-Saharan Africa,143.0,3.832,3.596,4.0680000000000005,0.39394,0.18519000000000002,0.15780999999999998,0.19662000000000002,0.13015,0.25899,2.50929,right_only
